{"applicationStartTimestamp":1636019861.2160159,"ExperimentStartTimestamp":1636019888.2279397,"ExperimentFinishTimeStamp":1636021219.2689253,"participantID":"0005","Condition":"Hybrid","Order":"3241","_stationDataFrames":[{"stationID":"3","participantID":"0005","condition":"Hybrid","pakourOrder":"","stationIndex":0,"TeleportationInitalizedTimeStamp":1636019888.292452,"PakourStartTimeStamp":1636019914.2391959,"PakourEndTimeStamp":1636019990.4874879,"PakourDuration":76.24829196929932,"AbortTeleportStartTimeStamp":0.0,"wasTeleportedToEnd":false,"DataGatheringRoomEnteredTimeStamp":1636019990.5534476,"RatingBoardReachedTimeStamp":1636019991.087629,"AudioRecordStarted":1636020040.190708,"AudioRecordEnded":1636020111.0737699,"NameOfAudioData":"0005 Hybrid 3","MotionsicknessScoreRatingBegin":1636020112.0867289,"MotionsicknessScore":3,"MotionsicknessScoreRatingAcceptedTimeStamp":1636020183.6986523,"PosturalStabilityTimeFrameBegin":1636020207.315568,"PosturalStabilityTimeFrameEnd":1636020212.3569344},{"stationID":"2","participantID":"0005","condition":"Hybrid","pakourOrder":"","stationIndex":1,"TeleportationInitalizedTimeStamp":1636020217.2457693,"PakourStartTimeStamp":1636020514.2242492,"PakourEndTimeStamp":1636020558.232306,"PakourDuration":44.00805687904358,"AbortTeleportStartTimeStamp":0.0,"wasTeleportedToEnd":false,"DataGatheringRoomEnteredTimeStamp":1636020558.3102568,"RatingBoardReachedTimeStamp":1636020559.2736645,"AudioRecordStarted":1636020609.8916295,"AudioRecordEnded":1636020703.3592599,"NameOfAudioData":"0005 Hybrid 2","MotionsicknessScoreRatingBegin":1636020704.393792,"MotionsicknessScore":2,"MotionsicknessScoreRatingAcceptedTimeStamp":1636020757.7394703,"PosturalStabilityTimeFrameBegin":1636020777.357459,"PosturalStabilityTimeFrameEnd":1636020782.3871},{"stationID":"4","participantID":"0005","condition":"Hybrid","pakourOrder":"","stationIndex":2,"TeleportationInitalizedTimeStamp":1636020787.6338716,"PakourStartTimeStamp":1636020792.9452227,"PakourEndTimeStamp":1636020923.6268299,"PakourDuration":130.68160724639893,"AbortTeleportStartTimeStamp":0.0,"wasTeleportedToEnd":false,"DataGatheringRoomEnteredTimeStamp":1636020923.677798,"RatingBoardReachedTimeStamp":1636020924.295418,"AudioRecordStarted":1636020960.826049,"AudioRecordEnded":1636021005.0586248,"NameOfAudioData":"0005 Hybrid 4","MotionsicknessScoreRatingBegin":1636021006.0520948,"MotionsicknessScore":3,"MotionsicknessScoreRatingAcceptedTimeStamp":1636021020.75294,"PosturalStabilityTimeFrameBegin":1636021026.3965505,"PosturalStabilityTimeFrameEnd":1636021031.4088336},{"stationID":"1","participantID":"0005","condition":"Hybrid","pakourOrder":"","stationIndex":3,"TeleportationInitalizedTimeStamp":1636021036.2686747,"PakourStartTimeStamp":1636021044.5038894,"PakourEndTimeStamp":1636021109.2111347,"PakourDuration":64.70724534988404,"AbortTeleportStartTimeStamp":0.0,"wasTeleportedToEnd":false,"DataGatheringRoomEnteredTimeStamp":1636021109.2121344,"RatingBoardReachedTimeStamp":1636021122.0941094,"AudioRecordStarted":1636021148.7506192,"AudioRecordEnded":1636021167.681392,"NameOfAudioData":"0005 Hybrid 1","MotionsicknessScoreRatingBegin":1636021168.6743572,"MotionsicknessScore":2,"MotionsicknessScoreRatingAcceptedTimeStamp":1636021199.5067616,"PosturalStabilityTimeFrameBegin":1636021211.6928485,"PosturalStabilityTimeFrameEnd":1636021216.7722059}]}
