{"InteractionCubeNames":["Cube","Cube1","Cube3","Cube4","Cube5","Cube2"],"InteractionCubeAcceptedTimeStamps":[1637655308.096393,1637655767.218485,1637655778.352457,1637655792.720746,1637655811.2485233,1637655855.0786925],"CombinedvalidationErrorOffset":{"x":0.3593849539756775,"y":1.3973441123962403,"z":1.3583135604858399},"LeftEyeValidationErrorOffset":{"x":0.15856322646141053,"y":1.5749778747558594,"z":0.6909123659133911},"RightEyeValidationOffset":{"x":359.3784484863281,"y":358.11541748046877,"z":357.66009521484377},"applicationStartTimestamp":1637655153.072582,"ExperimentStartTimestamp":1637655253.9572764,"ExperimentFinishTimeStamp":1637656171.8764683,"participantID":"001","Condition":"BlobFirstperson","Order":"03124","_stationDataFrames":[{"stationID":"0","participantID":"001","condition":"BlobFirstperson","pakourOrder":"","stationIndex":0,"TeleportationInitalizedTimeStamp":1637655254.0092445,"PakourStartTimeStamp":0.0,"PakourEndTimeStamp":1637655318.427501,"PakourDuration":1637655318.427501,"AbortTeleportStartTimeStamp":0.0,"wasTeleportedToEnd":false,"DataGatheringRoomEnteredTimeStamp":1637655318.4604824,"RatingBoardReachedTimeStamp":1637655319.899456,"AudioRecordStarted":1637655329.213864,"AudioRecordEnded":1637655357.8411744,"NameOfAudioData":"001_BlobFirstperson_0","MotionsicknessScoreRatingBegin":1637655358.867888,"MotionsicknessScore":0,"MotionsicknessScoreRatingAcceptedTimeStamp":1637655361.3351739,"PosturalStabilityTimeFrameBegin":1637655372.1236015,"PosturalStabilityTimeFrameEnd":1637655417.1637333},{"stationID":"3","participantID":"001","condition":"BlobFirstperson","pakourOrder":"","stationIndex":1,"TeleportationInitalizedTimeStamp":1637655422.741481,"PakourStartTimeStamp":1637655426.126471,"PakourEndTimeStamp":1637655497.5757807,"PakourDuration":71.44930958747864,"AbortTeleportStartTimeStamp":0.0,"wasTeleportedToEnd":false,"DataGatheringRoomEnteredTimeStamp":1637655497.6027613,"RatingBoardReachedTimeStamp":1637655498.203931,"AudioRecordStarted":1637655509.7500425,"AudioRecordEnded":1637655547.7562948,"NameOfAudioData":"001_BlobFirstperson_3","MotionsicknessScoreRatingBegin":1637655548.7842808,"MotionsicknessScore":0,"MotionsicknessScoreRatingAcceptedTimeStamp":1637655551.573243,"PosturalStabilityTimeFrameBegin":1637655555.9056223,"PosturalStabilityTimeFrameEnd":1637655600.950175},{"stationID":"1","participantID":"001","condition":"BlobFirstperson","pakourOrder":"","stationIndex":2,"TeleportationInitalizedTimeStamp":1637655606.5785928,"PakourStartTimeStamp":1637655608.1124633,"PakourEndTimeStamp":1637655655.1057249,"PakourDuration":46.99326157569885,"AbortTeleportStartTimeStamp":0.0,"wasTeleportedToEnd":false,"DataGatheringRoomEnteredTimeStamp":1637655655.0547565,"RatingBoardReachedTimeStamp":1637655688.403707,"AudioRecordStarted":1637655665.8892513,"AudioRecordEnded":1637655685.2843517,"NameOfAudioData":"001_BlobFirstperson_1","MotionsicknessScoreRatingBegin":1637655686.332918,"MotionsicknessScore":0,"MotionsicknessScoreRatingAcceptedTimeStamp":1637655689.1831487,"PosturalStabilityTimeFrameBegin":1637655698.8823727,"PosturalStabilityTimeFrameEnd":1637655743.9360505},{"stationID":"2","participantID":"001","condition":"BlobFirstperson","pakourOrder":"","stationIndex":3,"TeleportationInitalizedTimeStamp":1637655749.2571293,"PakourStartTimeStamp":1637655750.8197592,"PakourEndTimeStamp":1637655873.696104,"PakourDuration":122.87634491920471,"AbortTeleportStartTimeStamp":0.0,"wasTeleportedToEnd":false,"DataGatheringRoomEnteredTimeStamp":1637655873.7410768,"RatingBoardReachedTimeStamp":1637655875.509215,"AudioRecordStarted":1637655885.4964467,"AudioRecordEnded":1637655917.4720324,"NameOfAudioData":"001_BlobFirstperson_2","MotionsicknessScoreRatingBegin":1637655918.4703017,"MotionsicknessScore":0,"MotionsicknessScoreRatingAcceptedTimeStamp":1637655921.0682579,"PosturalStabilityTimeFrameBegin":1637655928.1103357,"PosturalStabilityTimeFrameEnd":1637655973.1791156},{"stationID":"4","participantID":"001","condition":"BlobFirstperson","pakourOrder":"","stationIndex":4,"TeleportationInitalizedTimeStamp":1637655978.9701648,"PakourStartTimeStamp":1637655981.3056818,"PakourEndTimeStamp":1637656055.3779295,"PakourDuration":74.07224774360657,"AbortTeleportStartTimeStamp":0.0,"wasTeleportedToEnd":false,"DataGatheringRoomEnteredTimeStamp":1637656055.4069119,"RatingBoardReachedTimeStamp":1637656056.131904,"AudioRecordStarted":1637656070.4335654,"AudioRecordEnded":1637656108.085565,"NameOfAudioData":"001_BlobFirstperson_4","MotionsicknessScoreRatingBegin":1637656109.0781348,"MotionsicknessScore":0,"MotionsicknessScoreRatingAcceptedTimeStamp":1637656111.7646073,"PosturalStabilityTimeFrameBegin":1637656122.771017,"PosturalStabilityTimeFrameEnd":1637656167.7913666}]}
