{"InteractionCubeNames":["Cube","Cube1","Cube2","Cube4","Cube3","Cube5"],"InteractionCubeAcceptedTimeStamps":[1637653117.82814,1637653542.3762029,1637653597.3439518,1637653620.8196359,1637653640.700068,1637653658.2322434],"CombinedvalidationErrorOffset":{"x":0.13833719491958619,"y":0.5445858240127564,"z":0.6968144178390503},"LeftEyeValidationErrorOffset":{"x":0.23387320339679719,"y":1.1721128225326539,"z":0.8738219141960144},"RightEyeValidationOffset":{"x":359.5245666503906,"y":359.02496337890627,"z":356.9656677246094},"applicationStartTimestamp":1637652750.4178057,"ExperimentStartTimestamp":1637652987.912098,"ExperimentFinishTimeStamp":1637654229.068426,"participantID":"001","Condition":"BlobHybrid","Order":"01234","_stationDataFrames":[{"stationID":"0","participantID":"001","condition":"BlobHybrid","pakourOrder":"","stationIndex":0,"TeleportationInitalizedTimeStamp":1637652987.9570697,"PakourStartTimeStamp":0.0,"PakourEndTimeStamp":1637653130.0930024,"PakourDuration":1637653130.0930024,"AbortTeleportStartTimeStamp":0.0,"wasTeleportedToEnd":false,"DataGatheringRoomEnteredTimeStamp":1637653130.1269809,"RatingBoardReachedTimeStamp":1637653134.197206,"AudioRecordStarted":1637653178.3379884,"AudioRecordEnded":1637653223.4395624,"NameOfAudioData":"001_BlobHybrid_0","MotionsicknessScoreRatingBegin":1637653224.45294,"MotionsicknessScore":0,"MotionsicknessScoreRatingAcceptedTimeStamp":1637653244.4293369,"PosturalStabilityTimeFrameBegin":1637653257.965852,"PosturalStabilityTimeFrameEnd":1637653303.0134598},{"stationID":"1","participantID":"001","condition":"BlobHybrid","pakourOrder":"","stationIndex":1,"TeleportationInitalizedTimeStamp":1637653309.2777312,"PakourStartTimeStamp":1637653313.2988065,"PakourEndTimeStamp":1637653372.1160296,"PakourDuration":58.817223072052,"AbortTeleportStartTimeStamp":0.0,"wasTeleportedToEnd":false,"DataGatheringRoomEnteredTimeStamp":1637653372.060064,"RatingBoardReachedTimeStamp":1637653443.5666304,"AudioRecordStarted":1637653397.6605676,"AudioRecordEnded":1637653435.3837503,"NameOfAudioData":"001_BlobHybrid_1","MotionsicknessScoreRatingBegin":1637653436.3820337,"MotionsicknessScore":0,"MotionsicknessScoreRatingAcceptedTimeStamp":1637653444.6314328,"PosturalStabilityTimeFrameBegin":1637653451.9634977,"PosturalStabilityTimeFrameEnd":1637653497.014499},{"stationID":"","participantID":"","condition":"","pakourOrder":"","stationIndex":0,"TeleportationInitalizedTimeStamp":0.0,"PakourStartTimeStamp":0.0,"PakourEndTimeStamp":0.0,"PakourDuration":0.0,"AbortTeleportStartTimeStamp":0.0,"wasTeleportedToEnd":false,"DataGatheringRoomEnteredTimeStamp":1637653372.060064,"RatingBoardReachedTimeStamp":1637653443.5666304,"AudioRecordStarted":1637653397.6605676,"AudioRecordEnded":1637653435.3837503,"NameOfAudioData":"001_BlobHybrid_1","MotionsicknessScoreRatingBegin":1637653436.3820337,"MotionsicknessScore":0,"MotionsicknessScoreRatingAcceptedTimeStamp":1637653444.6314328,"PosturalStabilityTimeFrameBegin":1637653451.9634977,"PosturalStabilityTimeFrameEnd":1637653497.014499},{"stationID":"2","participantID":"001","condition":"BlobHybrid","pakourOrder":"","stationIndex":2,"TeleportationInitalizedTimeStamp":1637653504.9490703,"PakourStartTimeStamp":1637653508.1156233,"PakourEndTimeStamp":1637653663.3872543,"PakourDuration":155.27163100242616,"AbortTeleportStartTimeStamp":0.0,"wasTeleportedToEnd":false,"DataGatheringRoomEnteredTimeStamp":1637653663.3952473,"RatingBoardReachedTimeStamp":1637653664.236407,"AudioRecordStarted":1637653681.8418346,"AudioRecordEnded":1637653732.2648056,"NameOfAudioData":"001_BlobHybrid_2","MotionsicknessScoreRatingBegin":1637653733.2587217,"MotionsicknessScore":0,"MotionsicknessScoreRatingAcceptedTimeStamp":1637653736.3857034,"PosturalStabilityTimeFrameBegin":1637653740.9700247,"PosturalStabilityTimeFrameEnd":1637653786.0330308},{"stationID":"3","participantID":"001","condition":"BlobHybrid","pakourOrder":"","stationIndex":3,"TeleportationInitalizedTimeStamp":1637653791.9936529,"PakourStartTimeStamp":1637653793.9278017,"PakourEndTimeStamp":1637653873.3546105,"PakourDuration":79.42680883407593,"AbortTeleportStartTimeStamp":0.0,"wasTeleportedToEnd":false,"DataGatheringRoomEnteredTimeStamp":1637653873.3925873,"RatingBoardReachedTimeStamp":1637653873.969565,"AudioRecordStarted":1637653887.349013,"AudioRecordEnded":1637653947.1541255,"NameOfAudioData":"001_BlobHybrid_3","MotionsicknessScoreRatingBegin":1637653948.1510225,"MotionsicknessScore":0,"MotionsicknessScoreRatingAcceptedTimeStamp":1637653954.9015463,"PosturalStabilityTimeFrameBegin":1637653964.0045429,"PosturalStabilityTimeFrameEnd":1637654009.0486849},{"stationID":"4","participantID":"001","condition":"BlobHybrid","pakourOrder":"","stationIndex":4,"TeleportationInitalizedTimeStamp":1637654014.7911323,"PakourStartTimeStamp":1637654017.44908,"PakourEndTimeStamp":1637654108.4094575,"PakourDuration":90.96037745475769,"AbortTeleportStartTimeStamp":0.0,"wasTeleportedToEnd":false,"DataGatheringRoomEnteredTimeStamp":1637654108.431444,"RatingBoardReachedTimeStamp":1637654109.461936,"AudioRecordStarted":1637654123.5075932,"AudioRecordEnded":1637654168.998126,"NameOfAudioData":"001_BlobHybrid_4","MotionsicknessScoreRatingBegin":1637654169.9962495,"MotionsicknessScore":0,"MotionsicknessScoreRatingAcceptedTimeStamp":1637654174.0846513,"PosturalStabilityTimeFrameBegin":1637654179.8758128,"PosturalStabilityTimeFrameEnd":1637654224.896306}]}
