{"InteractionCubeNames":["Cube","Cube5","Cube4","Cube6","Cube3","Cube1"],"InteractionCubeAcceptedTimeStamps":[1637666958.6773008,1637668069.5715383,1637668124.6609772,1637668154.7828253,1637668173.1318143,1637668221.6348632],"CombinedvalidationErrorOffset":{"x":0.22609522938728333,"y":1.1639149188995362,"z":0.9610093832015991},"LeftEyeValidationErrorOffset":{"x":359.94598388671877,"y":1.1073205471038819,"z":359.5252990722656},"RightEyeValidationOffset":{"x":359.99334716796877,"y":2.855509042739868,"z":0.05321959778666496},"applicationStartTimestamp":1637666657.0718189,"ExperimentStartTimestamp":1637666823.663548,"ExperimentFinishTimeStamp":1637668371.3743847,"participantID":"002","Condition":"AvatarHybrid","Order":"03142","_stationDataFrames":[{"stationID":"0","participantID":"002","condition":"AvatarHybrid","pakourOrder":"","stationIndex":0,"TeleportationInitalizedTimeStamp":1637666823.7175148,"PakourStartTimeStamp":0.0,"PakourEndTimeStamp":1637666980.3230768,"PakourDuration":1637666980.3230768,"AbortTeleportStartTimeStamp":0.0,"wasTeleportedToEnd":false,"DataGatheringRoomEnteredTimeStamp":1637666980.3720468,"RatingBoardReachedTimeStamp":1637666982.5161796,"AudioRecordStarted":1637666996.986788,"AudioRecordEnded":1637667052.8696755,"NameOfAudioData":"002_AvatarHybrid_0","MotionsicknessScoreRatingBegin":1637667053.880604,"MotionsicknessScore":0,"MotionsicknessScoreRatingAcceptedTimeStamp":1637667058.9806095,"PosturalStabilityTimeFrameBegin":1637667066.877864,"PosturalStabilityTimeFrameEnd":1637667111.9421623},{"stationID":"","participantID":"","condition":"","pakourOrder":"","stationIndex":0,"TeleportationInitalizedTimeStamp":0.0,"PakourStartTimeStamp":0.0,"PakourEndTimeStamp":0.0,"PakourDuration":0.0,"AbortTeleportStartTimeStamp":0.0,"wasTeleportedToEnd":false,"DataGatheringRoomEnteredTimeStamp":1637666980.3720468,"RatingBoardReachedTimeStamp":1637666982.5161796,"AudioRecordStarted":1637666996.986788,"AudioRecordEnded":1637667052.8696755,"NameOfAudioData":"002_AvatarHybrid_0","MotionsicknessScoreRatingBegin":1637667053.880604,"MotionsicknessScore":0,"MotionsicknessScoreRatingAcceptedTimeStamp":1637667058.9806095,"PosturalStabilityTimeFrameBegin":1637667066.877864,"PosturalStabilityTimeFrameEnd":1637667111.9421623},{"stationID":"3","participantID":"002","condition":"AvatarHybrid","pakourOrder":"","stationIndex":1,"TeleportationInitalizedTimeStamp":1637667121.7329102,"PakourStartTimeStamp":1637667126.9096533,"PakourEndTimeStamp":1637667245.7861553,"PakourDuration":118.87650203704834,"AbortTeleportStartTimeStamp":0.0,"wasTeleportedToEnd":false,"DataGatheringRoomEnteredTimeStamp":1637667245.8221324,"RatingBoardReachedTimeStamp":1637667246.4363728,"AudioRecordStarted":1637667279.421769,"AudioRecordEnded":1637667384.9502047,"NameOfAudioData":"002_AvatarHybrid_3","MotionsicknessScoreRatingBegin":1637667385.9775923,"MotionsicknessScore":0,"MotionsicknessScoreRatingAcceptedTimeStamp":1637667391.449699,"PosturalStabilityTimeFrameBegin":1637667404.225682,"PosturalStabilityTimeFrameEnd":1637667449.2687047},{"stationID":"1","participantID":"002","condition":"AvatarHybrid","pakourOrder":"","stationIndex":2,"TeleportationInitalizedTimeStamp":1637667455.6358729,"PakourStartTimeStamp":1637667460.4274219,"PakourEndTimeStamp":1637667518.7883707,"PakourDuration":58.36094880104065,"AbortTeleportStartTimeStamp":0.0,"wasTeleportedToEnd":false,"DataGatheringRoomEnteredTimeStamp":1637667518.7294059,"RatingBoardReachedTimeStamp":1637667603.633005,"AudioRecordStarted":1637667532.9581059,"AudioRecordEnded":1637667599.6857067,"NameOfAudioData":"002_AvatarHybrid_1","MotionsicknessScoreRatingBegin":1637667600.7257059,"MotionsicknessScore":0,"MotionsicknessScoreRatingAcceptedTimeStamp":1637667606.9576565,"PosturalStabilityTimeFrameBegin":1637667613.7184273,"PosturalStabilityTimeFrameEnd":1637667658.812202},{"stationID":"4","participantID":"002","condition":"AvatarHybrid","pakourOrder":"","stationIndex":3,"TeleportationInitalizedTimeStamp":1637667664.3901368,"PakourStartTimeStamp":1637667668.064517,"PakourEndTimeStamp":1637667816.9802623,"PakourDuration":148.9157452583313,"AbortTeleportStartTimeStamp":0.0,"wasTeleportedToEnd":false,"DataGatheringRoomEnteredTimeStamp":1637667817.0242356,"RatingBoardReachedTimeStamp":1637667817.9961975,"AudioRecordStarted":1637667833.4173728,"AudioRecordEnded":1637667973.0643829,"NameOfAudioData":"002_AvatarHybrid_4","MotionsicknessScoreRatingBegin":1637667974.0633679,"MotionsicknessScore":0,"MotionsicknessScoreRatingAcceptedTimeStamp":1637667978.820294,"PosturalStabilityTimeFrameBegin":1637667986.069189,"PosturalStabilityTimeFrameEnd":1637668031.0823384},{"stationID":"2","participantID":"002","condition":"AvatarHybrid","pakourOrder":"","stationIndex":4,"TeleportationInitalizedTimeStamp":1637668039.2039996,"PakourStartTimeStamp":1637668042.8004115,"PakourEndTimeStamp":1637668229.046857,"PakourDuration":186.24644565582276,"AbortTeleportStartTimeStamp":0.0,"wasTeleportedToEnd":false,"DataGatheringRoomEnteredTimeStamp":1637668229.0958279,"RatingBoardReachedTimeStamp":1637668229.8464373,"AudioRecordStarted":1637668243.8234542,"AudioRecordEnded":1637668309.6158403,"NameOfAudioData":"002_AvatarHybrid_2","MotionsicknessScoreRatingBegin":1637668310.6337579,"MotionsicknessScore":0,"MotionsicknessScoreRatingAcceptedTimeStamp":1637668315.7023855,"PosturalStabilityTimeFrameBegin":1637668322.2187303,"PosturalStabilityTimeFrameEnd":1637668367.2582105}]}
