{"InteractionCubeNames":["Cube","Cube3","Cube5","Cube6","Cube1","Cube4"],"InteractionCubeAcceptedTimeStamps":[1637664370.6753145,1637664913.9551447,1637664942.0991147,1637665050.765887,1637665106.2080858,1637665124.6902033],"CombinedvalidationErrorOffset":{"x":0.10919927805662155,"y":0.5488021373748779,"z":0.567222535610199},"LeftEyeValidationErrorOffset":{"x":359.8992004394531,"y":359.4551696777344,"z":359.2150573730469},"RightEyeValidationOffset":{"x":359.973388671875,"y":359.8623352050781,"z":359.7890625},"applicationStartTimestamp":1637664118.2655049,"ExperimentStartTimestamp":1637664200.5616544,"ExperimentFinishTimeStamp":1637665866.6371732,"participantID":"002","Condition":"AvatarFirstperson","Order":"01243","_stationDataFrames":[{"stationID":"0","participantID":"002","condition":"AvatarFirstperson","pakourOrder":"","stationIndex":0,"TeleportationInitalizedTimeStamp":1637664200.6126216,"PakourStartTimeStamp":0.0,"PakourEndTimeStamp":1637664383.8316425,"PakourDuration":1637664383.8316425,"AbortTeleportStartTimeStamp":0.0,"wasTeleportedToEnd":false,"DataGatheringRoomEnteredTimeStamp":1637664383.86862,"RatingBoardReachedTimeStamp":1637664403.2150663,"AudioRecordStarted":1637664446.137014,"AudioRecordEnded":1637664479.3749116,"NameOfAudioData":"002_AvatarFirstperson_0","MotionsicknessScoreRatingBegin":1637664480.370407,"MotionsicknessScore":0,"MotionsicknessScoreRatingAcceptedTimeStamp":1637664544.9977113,"PosturalStabilityTimeFrameBegin":1637664565.5321754,"PosturalStabilityTimeFrameEnd":1637664610.5741685},{"stationID":"","participantID":"","condition":"","pakourOrder":"","stationIndex":0,"TeleportationInitalizedTimeStamp":0.0,"PakourStartTimeStamp":0.0,"PakourEndTimeStamp":0.0,"PakourDuration":0.0,"AbortTeleportStartTimeStamp":0.0,"wasTeleportedToEnd":false,"DataGatheringRoomEnteredTimeStamp":1637664383.86862,"RatingBoardReachedTimeStamp":1637664403.2150663,"AudioRecordStarted":1637664446.137014,"AudioRecordEnded":1637664479.3749116,"NameOfAudioData":"002_AvatarFirstperson_0","MotionsicknessScoreRatingBegin":1637664480.370407,"MotionsicknessScore":0,"MotionsicknessScoreRatingAcceptedTimeStamp":1637664544.9977113,"PosturalStabilityTimeFrameBegin":1637664565.5321754,"PosturalStabilityTimeFrameEnd":1637664610.5741685},{"stationID":"","participantID":"","condition":"","pakourOrder":"","stationIndex":0,"TeleportationInitalizedTimeStamp":0.0,"PakourStartTimeStamp":0.0,"PakourEndTimeStamp":0.0,"PakourDuration":0.0,"AbortTeleportStartTimeStamp":0.0,"wasTeleportedToEnd":false,"DataGatheringRoomEnteredTimeStamp":1637664383.86862,"RatingBoardReachedTimeStamp":1637664403.2150663,"AudioRecordStarted":1637664446.137014,"AudioRecordEnded":1637664479.3749116,"NameOfAudioData":"002_AvatarFirstperson_0","MotionsicknessScoreRatingBegin":1637664480.370407,"MotionsicknessScore":0,"MotionsicknessScoreRatingAcceptedTimeStamp":1637664544.9977113,"PosturalStabilityTimeFrameBegin":1637664565.5321754,"PosturalStabilityTimeFrameEnd":1637664610.5741685},{"stationID":"","participantID":"","condition":"","pakourOrder":"","stationIndex":0,"TeleportationInitalizedTimeStamp":0.0,"PakourStartTimeStamp":0.0,"PakourEndTimeStamp":0.0,"PakourDuration":0.0,"AbortTeleportStartTimeStamp":0.0,"wasTeleportedToEnd":false,"DataGatheringRoomEnteredTimeStamp":1637664383.86862,"RatingBoardReachedTimeStamp":1637664403.2150663,"AudioRecordStarted":1637664446.137014,"AudioRecordEnded":1637664479.3749116,"NameOfAudioData":"002_AvatarFirstperson_0","MotionsicknessScoreRatingBegin":1637664480.370407,"MotionsicknessScore":0,"MotionsicknessScoreRatingAcceptedTimeStamp":1637664544.9977113,"PosturalStabilityTimeFrameBegin":1637664565.5321754,"PosturalStabilityTimeFrameEnd":1637664610.5741685},{"stationID":"","participantID":"","condition":"","pakourOrder":"","stationIndex":0,"TeleportationInitalizedTimeStamp":0.0,"PakourStartTimeStamp":0.0,"PakourEndTimeStamp":0.0,"PakourDuration":0.0,"AbortTeleportStartTimeStamp":0.0,"wasTeleportedToEnd":false,"DataGatheringRoomEnteredTimeStamp":1637664383.86862,"RatingBoardReachedTimeStamp":1637664403.2150663,"AudioRecordStarted":1637664446.137014,"AudioRecordEnded":1637664479.3749116,"NameOfAudioData":"002_AvatarFirstperson_0","MotionsicknessScoreRatingBegin":1637664480.370407,"MotionsicknessScore":0,"MotionsicknessScoreRatingAcceptedTimeStamp":1637664544.9977113,"PosturalStabilityTimeFrameBegin":1637664565.5321754,"PosturalStabilityTimeFrameEnd":1637664610.5741685},{"stationID":"1","participantID":"002","condition":"AvatarFirstperson","pakourOrder":"","stationIndex":1,"TeleportationInitalizedTimeStamp":1637664635.839157,"PakourStartTimeStamp":1637664644.0898164,"PakourEndTimeStamp":1637664718.895389,"PakourDuration":74.8055727481842,"AbortTeleportStartTimeStamp":0.0,"wasTeleportedToEnd":false,"DataGatheringRoomEnteredTimeStamp":1637664718.7904535,"RatingBoardReachedTimeStamp":1637664720.8594373,"AudioRecordStarted":1637664755.8308795,"AudioRecordEnded":1637664800.5128148,"NameOfAudioData":"002_AvatarFirstperson_1","MotionsicknessScoreRatingBegin":1637664801.5328873,"MotionsicknessScore":0,"MotionsicknessScoreRatingAcceptedTimeStamp":1637664818.5930455,"PosturalStabilityTimeFrameBegin":1637664827.6007715,"PosturalStabilityTimeFrameEnd":1637664872.6733523},{"stationID":"2","participantID":"002","condition":"AvatarFirstperson","pakourOrder":"","stationIndex":2,"TeleportationInitalizedTimeStamp":1637664878.442386,"PakourStartTimeStamp":1637664893.7245434,"PakourEndTimeStamp":1637665132.598078,"PakourDuration":238.87353467941285,"AbortTeleportStartTimeStamp":0.0,"wasTeleportedToEnd":false,"DataGatheringRoomEnteredTimeStamp":1637665132.6500464,"RatingBoardReachedTimeStamp":1637665136.0579506,"AudioRecordStarted":1637665160.7753425,"AudioRecordEnded":1637665227.6345535,"NameOfAudioData":"002_AvatarFirstperson_2","MotionsicknessScoreRatingBegin":1637665228.6289423,"MotionsicknessScore":0,"MotionsicknessScoreRatingAcceptedTimeStamp":1637665235.061103,"PosturalStabilityTimeFrameBegin":1637665241.9488135,"PosturalStabilityTimeFrameEnd":1637665287.0234979},{"stationID":"4","participantID":"002","condition":"AvatarFirstperson","pakourOrder":"","stationIndex":3,"TeleportationInitalizedTimeStamp":1637665293.6726516,"PakourStartTimeStamp":1637665295.558679,"PakourEndTimeStamp":1637665405.3498858,"PakourDuration":109.79120659828186,"AbortTeleportStartTimeStamp":0.0,"wasTeleportedToEnd":false,"DataGatheringRoomEnteredTimeStamp":1637665406.271983,"RatingBoardReachedTimeStamp":1637665407.3750687,"AudioRecordStarted":1637665427.358882,"AudioRecordEnded":1637665505.849978,"NameOfAudioData":"002_AvatarFirstperson_4","MotionsicknessScoreRatingBegin":1637665506.8591583,"MotionsicknessScore":0,"MotionsicknessScoreRatingAcceptedTimeStamp":1637665514.393178,"PosturalStabilityTimeFrameBegin":1637665524.9503289,"PosturalStabilityTimeFrameEnd":1637665569.974658},{"stationID":"3","participantID":"002","condition":"AvatarFirstperson","pakourOrder":"","stationIndex":4,"TeleportationInitalizedTimeStamp":1637665577.1788178,"PakourStartTimeStamp":1637665580.261694,"PakourEndTimeStamp":1637665697.1167639,"PakourDuration":116.85506987571717,"AbortTeleportStartTimeStamp":0.0,"wasTeleportedToEnd":false,"DataGatheringRoomEnteredTimeStamp":1637665697.5641747,"RatingBoardReachedTimeStamp":1637665704.426136,"AudioRecordStarted":1637665714.8725613,"AudioRecordEnded":1637665798.2080787,"NameOfAudioData":"002_AvatarFirstperson_3","MotionsicknessScoreRatingBegin":1637665799.2383147,"MotionsicknessScore":0,"MotionsicknessScoreRatingAcceptedTimeStamp":1637665806.3950845,"PosturalStabilityTimeFrameBegin":1637665817.621048,"PosturalStabilityTimeFrameEnd":1637665862.6560636}]}
