{"applicationStartTimestamp":1636022094.7068668,"ExperimentStartTimestamp":1636022125.5642608,"ExperimentFinishTimeStamp":1636022961.7770372,"participantID":"0005","Condition":"FirstPerson","Order":"04312","_stationDataFrames":[{"stationID":"0","participantID":"0005","condition":"FirstPerson","pakourOrder":"","stationIndex":0,"TeleportationInitalizedTimeStamp":1636022125.6322196,"PakourStartTimeStamp":0.0,"PakourEndTimeStamp":1636022179.7993615,"PakourDuration":1636022179.7993615,"AbortTeleportStartTimeStamp":0.0,"wasTeleportedToEnd":false,"DataGatheringRoomEnteredTimeStamp":1636022179.8973013,"RatingBoardReachedTimeStamp":1636022180.6613718,"AudioRecordStarted":1636022218.5708883,"AudioRecordEnded":1636022247.7477599,"NameOfAudioData":"0005 FirstPerson 0","MotionsicknessScoreRatingBegin":1636022248.7544323,"MotionsicknessScore":1,"MotionsicknessScoreRatingAcceptedTimeStamp":1636022277.194912,"PosturalStabilityTimeFrameBegin":1636022285.6969512,"PosturalStabilityTimeFrameEnd":1636022290.7485047},{"stationID":"4","participantID":"0005","condition":"FirstPerson","pakourOrder":"","stationIndex":1,"TeleportationInitalizedTimeStamp":1636022295.4396573,"PakourStartTimeStamp":1636022298.6898537,"PakourEndTimeStamp":1636022406.3775354,"PakourDuration":107.68768167495728,"AbortTeleportStartTimeStamp":0.0,"wasTeleportedToEnd":false,"DataGatheringRoomEnteredTimeStamp":1636022406.446508,"RatingBoardReachedTimeStamp":1636022407.081823,"AudioRecordStarted":1636022412.058155,"AudioRecordEnded":1636022439.9632085,"NameOfAudioData":"0005 FirstPerson 4","MotionsicknessScoreRatingBegin":1636022440.9673737,"MotionsicknessScore":0,"MotionsicknessScoreRatingAcceptedTimeStamp":1636022453.5402957,"PosturalStabilityTimeFrameBegin":1636022465.3915013,"PosturalStabilityTimeFrameEnd":1636022470.4102612},{"stationID":"3","participantID":"0005","condition":"FirstPerson","pakourOrder":"","stationIndex":2,"TeleportationInitalizedTimeStamp":1636022475.130247,"PakourStartTimeStamp":1636022479.9106737,"PakourEndTimeStamp":1636022556.6221457,"PakourDuration":76.71147203445435,"AbortTeleportStartTimeStamp":0.0,"wasTeleportedToEnd":false,"DataGatheringRoomEnteredTimeStamp":1636022556.7550636,"RatingBoardReachedTimeStamp":1636022557.4236515,"AudioRecordStarted":1636022588.447322,"AudioRecordEnded":1636022655.5832639,"NameOfAudioData":"0005 FirstPerson 3","MotionsicknessScoreRatingBegin":1636022656.5923055,"MotionsicknessScore":0,"MotionsicknessScoreRatingAcceptedTimeStamp":1636022664.036501,"PosturalStabilityTimeFrameBegin":1636022670.3091396,"PosturalStabilityTimeFrameEnd":1636022675.3669928},{"stationID":"1","participantID":"0005","condition":"FirstPerson","pakourOrder":"","stationIndex":3,"TeleportationInitalizedTimeStamp":1636022680.156024,"PakourStartTimeStamp":1636022681.8979972,"PakourEndTimeStamp":1636022735.699891,"PakourDuration":53.80189394950867,"AbortTeleportStartTimeStamp":0.0,"wasTeleportedToEnd":false,"DataGatheringRoomEnteredTimeStamp":1636022735.699891,"RatingBoardReachedTimeStamp":1636022795.3403605,"AudioRecordStarted":1636022747.3581339,"AudioRecordEnded":1636022766.5615359,"NameOfAudioData":"0005 FirstPerson 1","MotionsicknessScoreRatingBegin":1636022767.5625022,"MotionsicknessScore":6,"MotionsicknessScoreRatingAcceptedTimeStamp":1636022796.0978907,"PosturalStabilityTimeFrameBegin":1636022806.5151888,"PosturalStabilityTimeFrameEnd":1636022811.5643213},{"stationID":"2","participantID":"0005","condition":"FirstPerson","pakourOrder":"","stationIndex":4,"TeleportationInitalizedTimeStamp":1636022816.182641,"PakourStartTimeStamp":1636022818.505868,"PakourEndTimeStamp":1636022875.1475535,"PakourDuration":56.641685485839847,"AbortTeleportStartTimeStamp":0.0,"wasTeleportedToEnd":false,"DataGatheringRoomEnteredTimeStamp":1636022875.2934635,"RatingBoardReachedTimeStamp":1636022878.6491657,"AudioRecordStarted":1636022886.7347353,"AudioRecordEnded":1636022936.2570909,"NameOfAudioData":"0005 FirstPerson 2","MotionsicknessScoreRatingBegin":1636022937.2802168,"MotionsicknessScore":6,"MotionsicknessScoreRatingAcceptedTimeStamp":1636022946.465196,"PosturalStabilityTimeFrameBegin":1636022952.4095178,"PosturalStabilityTimeFrameEnd":1636022957.4718593},{"stationID":"","participantID":"","condition":"","pakourOrder":"","stationIndex":0,"TeleportationInitalizedTimeStamp":0.0,"PakourStartTimeStamp":0.0,"PakourEndTimeStamp":0.0,"PakourDuration":0.0,"AbortTeleportStartTimeStamp":0.0,"wasTeleportedToEnd":false,"DataGatheringRoomEnteredTimeStamp":1636022875.2934635,"RatingBoardReachedTimeStamp":1636022878.6491657,"AudioRecordStarted":1636022886.7347353,"AudioRecordEnded":1636022936.2570909,"NameOfAudioData":"0005 FirstPerson 2","MotionsicknessScoreRatingBegin":1636022937.2802168,"MotionsicknessScore":6,"MotionsicknessScoreRatingAcceptedTimeStamp":1636022946.465196,"PosturalStabilityTimeFrameBegin":1636022952.4095178,"PosturalStabilityTimeFrameEnd":1636022957.4718593}]}
